{
    "unowned": {
        "block_start": 2,
        "public": [
            "OrganizationDetailsEndpoint::GET",
            "OrganizationDetailsEndpoint::PUT",
            "OrganizationEnvironmentsEndpoint::GET",
            "OrganizationIndexEndpoint::GET",
            "OrganizationProjectsEndpoint::GET",
            "OrganizationReleaseDetailsEndpoint::DELETE",
            "OrganizationReleaseDetailsEndpoint::GET",
            "OrganizationReleaseDetailsEndpoint::PUT",
            "OrganizationTeamsEndpoint::GET",
            "OrganizationTeamsEndpoint::POST",
            "ProjectDetailsEndpoint::DELETE",
            "ProjectDetailsEndpoint::GET",
            "ProjectDetailsEndpoint::PUT",
            "ProjectEnvironmentDetailsEndpoint::GET",
            "ProjectEnvironmentDetailsEndpoint::PUT",
            "ProjectEnvironmentsEndpoint::GET",
            "ProjectFilterDetailsEndpoint::PUT",
            "ProjectFiltersEndpoint::GET",
            "ProjectKeyDetailsEndpoint::DELETE",
            "ProjectKeyDetailsEndpoint::GET",
            "ProjectKeyDetailsEndpoint::PUT",
            "ProjectKeysEndpoint::GET",
            "ProjectKeysEndpoint::POST",
            "TeamDetailsEndpoint::DELETE",
            "TeamDetailsEndpoint::GET",
            "TeamDetailsEndpoint::PUT"
        ],
        "private": [
            "AcceptOrganizationInvite::GET",
            "AcceptOrganizationInvite::POST",
            "AcceptProjectTransferEndpoint::GET",
            "AcceptProjectTransferEndpoint::POST",
            "ApiApplicationDetailsEndpoint::DELETE",
            "ApiApplicationDetailsEndpoint::GET",
            "ApiApplicationDetailsEndpoint::PUT",
            "ApiApplicationsEndpoint::GET",
            "ApiApplicationsEndpoint::POST",
            "BroadcastDetailsEndpoint::GET",
            "BroadcastDetailsEndpoint::PUT",
            "BroadcastIndexEndpoint::GET",
            "BroadcastIndexEndpoint::POST",
            "BroadcastIndexEndpoint::PUT",
            "DataExportEndpoint::POST",
            "IndexEndpoint::GET",
            "OrganizationAvatarEndpoint::GET",
            "OrganizationAvatarEndpoint::PUT",
            "OrganizationDetailsEndpoint::DELETE",
            "OrganizationIndexEndpoint::POST",
            "OrganizationInviteRequestDetailsEndpoint::DELETE",
            "OrganizationInviteRequestDetailsEndpoint::GET",
            "OrganizationInviteRequestDetailsEndpoint::PUT",
            "OrganizationJoinRequestEndpoint::POST",
            "OrganizationPinnedSearchEndpoint::DELETE",
            "OrganizationPinnedSearchEndpoint::PUT",
            "OrganizationProjectsCountEndpoint::GET",
            "OrganizationRecentSearchesEndpoint::GET",
            "OrganizationRecentSearchesEndpoint::POST",
            "OrganizationReleaseMetaEndpoint::GET",
            "OrganizationRequestProjectCreation::POST",
            "OrganizationSearchDetailsEndpoint::DELETE",
            "OrganizationSearchDetailsEndpoint::PUT",
            "OrganizationUserDetailsEndpoint::GET",
            "OrganizationUsersEndpoint::GET",
            "ProjectIndexEndpoint::GET",
            "TeamReleaseCountEndpoint::GET",
            "UserAvatarEndpoint::GET",
            "UserAvatarEndpoint::PUT",
            "UserDetailsEndpoint::DELETE",
            "UserDetailsEndpoint::GET",
            "UserDetailsEndpoint::PUT",
            "UserEmailsConfirmEndpoint::POST",
            "UserEmailsEndpoint::DELETE",
            "UserEmailsEndpoint::GET",
            "UserEmailsEndpoint::POST",
            "UserEmailsEndpoint::PUT",
            "UserIPsEndpoint::GET",
            "UserIdentityConfigDetailsEndpoint::DELETE",
            "UserIdentityConfigDetailsEndpoint::GET",
            "UserIdentityConfigEndpoint::GET",
            "UserIdentityDetailsEndpoint::DELETE",
            "UserIdentityEndpoint::GET",
            "UserIndexEndpoint::GET",
            "UserRoleDetailsEndpoint::DELETE",
            "UserRoleDetailsEndpoint::GET",
            "UserRoleDetailsEndpoint::PUT",
            "UserRolesEndpoint::GET",
            "UserRolesEndpoint::POST",
            "UserSubscriptionsEndpoint::GET",
            "UserSubscriptionsEndpoint::POST",
            "UserSubscriptionsEndpoint::PUT",
            "UserUserRoleDetailsEndpoint::DELETE",
            "UserUserRoleDetailsEndpoint::GET",
            "UserUserRoleDetailsEndpoint::POST",
            "UserUserRolesEndpoint::GET",
            "WarmupEndpoint::GET"
        ],
        "experimental": [],
        "unknown": [
            "OrganizationInviteRequestIndexEndpoint::GET",
            "OrganizationInviteRequestIndexEndpoint::POST",
            "OrganizationReleaseAssembleEndpoint::POST",
            "OrganizationReleaseCommitsEndpoint::GET",
            "OrganizationReleaseFileDetailsEndpoint::DELETE",
            "OrganizationReleaseFileDetailsEndpoint::GET",
            "OrganizationReleaseFileDetailsEndpoint::PUT",
            "OrganizationReleaseFilesEndpoint::GET",
            "OrganizationReleaseFilesEndpoint::POST",
            "OrganizationReleasesEndpoint::GET",
            "OrganizationReleasesEndpoint::POST",
            "OrganizationReleasesStatsEndpoint::GET",
            "ProjectReleaseCommitsEndpoint::GET",
            "ProjectReleaseDetailsEndpoint::DELETE",
            "ProjectReleaseDetailsEndpoint::GET",
            "ProjectReleaseDetailsEndpoint::PUT",
            "ProjectReleaseFileDetailsEndpoint::DELETE",
            "ProjectReleaseFileDetailsEndpoint::GET",
            "ProjectReleaseFileDetailsEndpoint::PUT",
            "ProjectReleaseFilesEndpoint::GET",
            "ProjectReleaseFilesEndpoint::POST",
            "ProjectReleaseRepositories::GET",
            "ProjectReleaseSetupCompletionEndpoint::GET",
            "ProjectReleaseStatsEndpoint::GET",
            "ProjectReleasesEndpoint::GET",
            "ProjectReleasesEndpoint::POST",
            "ProjectReleasesTokenEndpoint::GET",
            "ProjectReleasesTokenEndpoint::POST",
            "ProjectRepoPathParsingEndpoint::POST",
            "ProjectStatsEndpoint::GET",
            "ProjectTagKeyDetailsEndpoint::DELETE",
            "ProjectTagKeyDetailsEndpoint::GET",
            "ProjectTagKeyValuesEndpoint::GET",
            "ProjectTagsEndpoint::GET",
            "ProjectTransferEndpoint::POST",
            "ProjectUserStatsEndpoint::GET",
            "ProjectUsersEndpoint::GET",
            "PromptsActivityEndpoint::GET",
            "PromptsActivityEndpoint::PUT",
            "ReleaseDeploysEndpoint::GET",
            "ReleaseDeploysEndpoint::POST",
            "SentryAppInstallationExternalIssueDetailsEndpoint::DELETE",
            "SentryAppStatsEndpoint::GET",
            "UserOrganizationsEndpoint::GET"
        ]
    },
    "ingest": {
        "block_start": 149,
        "public": [
            "OrganizationRelayUsage::GET",
            "ProjectSymbolSourcesEndpoint::DELETE",
            "ProjectSymbolSourcesEndpoint::GET",
            "ProjectSymbolSourcesEndpoint::POST",
            "ProjectSymbolSourcesEndpoint::PUT"
        ],
        "private": [
            "AdminRelayProjectConfigsEndpoint::GET",
            "AdminRelayProjectConfigsEndpoint::POST",
            "AssociateDSymFilesEndpoint::POST",
            "BuiltinSymbolSourcesEndpoint::GET",
            "ChunkUploadEndpoint::GET",
            "ChunkUploadEndpoint::POST",
            "DebugFilesEndpoint::DELETE",
            "DebugFilesEndpoint::GET",
            "DebugFilesEndpoint::POST",
            "DifAssembleEndpoint::POST",
            "EventAppleCrashReportEndpoint::GET",
            "EventAttachmentDetailsEndpoint::DELETE",
            "EventAttachmentDetailsEndpoint::GET",
            "EventAttachmentsEndpoint::GET",
            "EventReprocessableEndpoint::GET",
            "OrganizationArtifactBundleAssembleEndpoint::POST",
            "ProguardArtifactReleasesEndpoint::GET",
            "ProguardArtifactReleasesEndpoint::POST",
            "ProjectArtifactBundleFileDetailsEndpoint::GET",
            "ProjectArtifactBundleFilesEndpoint::GET",
            "ProjectArtifactLookupEndpoint::GET",
            "ProjectReprocessingEndpoint::POST",
            "ProjectTransactionNamesCluster::GET",
            "RelayDetailsEndpoint::DELETE",
            "RelayHealthCheck::GET",
            "RelayIndexEndpoint::GET",
            "RelayProjectConfigsEndpoint::POST",
            "RelayProjectIdsEndpoint::POST",
            "RelayPublicKeysEndpoint::POST",
            "RelayRegisterChallengeEndpoint::POST",
            "RelayRegisterResponseEndpoint::POST",
            "SourceMapsEndpoint::DELETE",
            "SourceMapsEndpoint::GET",
            "UnknownDebugFilesEndpoint::GET"
        ],
        "experimental": [],
        "unknown": []
    },
    "issue-workflow": {
        "block_start": 197,
        "public": [
            "GroupEventDetailsEndpoint::GET",
            "GroupEventsEndpoint::GET",
            "GroupTagKeyDetailsEndpoint::GET",
            "GroupTagKeyValuesEndpoint::GET",
            "OrganizationAlertRuleDetailsEndpoint::DELETE",
            "OrganizationAlertRuleDetailsEndpoint::GET",
            "OrganizationAlertRuleDetailsEndpoint::PUT",
            "OrganizationAlertRuleIndexEndpoint::GET",
            "OrganizationAlertRuleIndexEndpoint::POST",
            "OrganizationGroupIndexEndpoint::DELETE",
            "OrganizationGroupIndexEndpoint::GET",
            "OrganizationGroupIndexEndpoint::PUT",
            "ProjectEventsEndpoint::GET",
            "ProjectOwnershipEndpoint::GET",
            "ProjectOwnershipEndpoint::PUT",
            "ProjectRuleDetailsEndpoint::DELETE",
            "ProjectRuleDetailsEndpoint::GET",
            "ProjectRuleDetailsEndpoint::PUT",
            "ProjectRulesEndpoint::GET",
            "ProjectRulesEndpoint::POST",
            "SourceMapDebugEndpoint::GET"
        ],
        "private": [
            "ActionableItemsEndpoint::GET",
            "AssistantEndpoint::GET",
            "AssistantEndpoint::PUT",
            "CommitFileChangeEndpoint::GET",
            "EventFileCommittersEndpoint::GET",
            "EventGroupingInfoEndpoint::GET",
            "EventOwnersEndpoint::GET",
            "GroupActivitiesEndpoint::GET",
            "GroupAttachmentsEndpoint::GET",
            "GroupCurrentReleaseEndpoint::GET",
            "GroupDetailsEndpoint::DELETE",
            "GroupDetailsEndpoint::GET",
            "GroupDetailsEndpoint::PUT",
            "GroupFirstLastReleaseEndpoint::GET",
            "GroupHashesEndpoint::GET",
            "GroupHashesEndpoint::PUT",
            "GroupNotesDetailsEndpoint::DELETE",
            "GroupNotesDetailsEndpoint::PUT",
            "GroupNotesEndpoint::GET",
            "GroupNotesEndpoint::POST",
            "GroupOpenPeriodsEndpoint::GET",
            "GroupReprocessingEndpoint::POST",
            "GroupSimilarIssuesEmbeddingsEndpoint::GET",
            "GroupSimilarIssuesEndpoint::GET",
            "GroupTombstoneDetailsEndpoint::DELETE",
            "GroupTombstoneEndpoint::GET",
            "GroupUserReportsEndpoint::GET",
            "GroupingConfigsEndpoint::GET",
            "IssueGroupActionEndpoint::GET",
            "IssueGroupActionEndpoint::POST",
            "MetricRuleSnoozeEndpoint::DELETE",
            "MetricRuleSnoozeEndpoint::POST",
            "OrganizationAlertRuleAvailableActionIndexEndpoint::GET",
            "OrganizationCodeMappingCodeOwnersEndpoint::GET",
            "OrganizationCodeMappingDetailsEndpoint::DELETE",
            "OrganizationCodeMappingDetailsEndpoint::PUT",
            "OrganizationCodeMappingsEndpoint::GET",
            "OrganizationCodeMappingsEndpoint::POST",
            "OrganizationCodeOwnersAssociationsEndpoint::GET",
            "OrganizationCombinedRuleIndexEndpoint::GET",
            "OrganizationGroupIndexStatsEndpoint::GET",
            "OrganizationGroupSearchViewVisitEndpoint::POST",
            "OrganizationGroupSuspectFlagsEndpoint::GET",
            "OrganizationGroupSuspectTagsEndpoint::GET",
            "OrganizationIncidentDetailsEndpoint::GET",
            "OrganizationIncidentDetailsEndpoint::PUT",
            "OrganizationIncidentIndexEndpoint::GET",
            "OrganizationIntegrationReposEndpoint::GET",
            "OrganizationIssuesCountEndpoint::GET",
            "OrganizationIssuesResolvedInReleaseEndpoint::GET",
            "OrganizationProjectsSentFirstEventEndpoint::GET",
            "OrganizationReleasePreviousCommitsEndpoint::GET",
            "OrganizationSearchesEndpoint::GET",
            "OrganizationSearchesEndpoint::POST",
            "PluginGroupEndpoint::GET",
            "PluginGroupEndpoint::POST",
            "ProjectAgnosticRuleConditionsEndpoint::GET",
            "ProjectAlertRuleTaskDetailsEndpoint::GET",
            "ProjectCodeOwnersDetailsEndpoint::DELETE",
            "ProjectCodeOwnersDetailsEndpoint::PUT",
            "ProjectCodeOwnersEndpoint::GET",
            "ProjectCodeOwnersEndpoint::POST",
            "ProjectCommitsEndpoint::GET",
            "ProjectGroupStatsEndpoint::GET",
            "ProjectGroupingConfigsEndpoint::GET",
            "ProjectRuleActionsEndpoint::POST",
            "ProjectRulePreviewEndpoint::POST",
            "ProjectRuleTaskDetailsEndpoint::GET",
            "ProjectRulesConfigurationEndpoint::GET",
            "ProjectStacktraceCoverageEndpoint::GET",
            "ProjectStacktraceLinkEndpoint::GET",
            "RuleSnoozeEndpoint::DELETE",
            "RuleSnoozeEndpoint::POST",
            "SentryAppsEndpoint::GET",
            "SentryAppsEndpoint::POST",
            "SharedGroupDetailsEndpoint::GET",
            "ShortIdLookupEndpoint::GET",
            "TeamAlertsTriggeredIndexEndpoint::GET",
            "TeamAlertsTriggeredTotalsEndpoint::GET",
            "TeamAllUnresolvedIssuesEndpoint::GET",
            "TeamGroupsOldEndpoint::GET",
            "TeamIssueBreakdownEndpoint::GET",
            "TeamTimeToResolutionEndpoint::GET",
            "TeamUnresolvedIssueAgeEndpoint::GET"
        ],
        "experimental": [
            "EventIdLookupEndpoint::GET",
            "EventJsonEndpoint::GET",
            "OrganizationAvailableActionIndexEndpoint::GET",
            "OrganizationDataConditionIndexEndpoint::GET",
            "OrganizationDeriveCodeMappingsEndpoint::GET",
            "OrganizationDeriveCodeMappingsEndpoint::POST",
            "OrganizationDetectorTypeIndexEndpoint::GET",
            "OrganizationDetectorWorkflowDetailsEndpoint::DELETE",
            "OrganizationDetectorWorkflowDetailsEndpoint::GET",
            "OrganizationDetectorWorkflowIndexEndpoint::DELETE",
            "OrganizationDetectorWorkflowIndexEndpoint::GET",
            "OrganizationDetectorWorkflowIndexEndpoint::POST",
            "OrganizationGroupSearchViewDetailsEndpoint::DELETE",
            "OrganizationGroupSearchViewDetailsEndpoint::GET",
            "OrganizationGroupSearchViewDetailsEndpoint::PUT",
            "OrganizationGroupSearchViewDetailsStarredEndpoint::POST",
            "OrganizationGroupSearchViewStarredOrderEndpoint::PUT",
            "OrganizationGroupSearchViewsEndpoint::GET",
            "OrganizationGroupSearchViewsEndpoint::POST",
            "OrganizationGroupSearchViewsEndpoint::PUT",
            "OrganizationGroupSearchViewsStarredEndpoint::GET",
            "OrganizationWorkflowGroupHistoryEndpoint::GET",
            "OrganizationWorkflowIndexEndpoint::GET",
            "OrganizationWorkflowIndexEndpoint::POST",
            "ProjectAlertRuleDetailsEndpoint::DELETE",
            "ProjectAlertRuleDetailsEndpoint::GET",
            "ProjectAlertRuleDetailsEndpoint::PUT",
            "ProjectAlertRuleIndexEndpoint::GET",
            "ProjectAlertRuleIndexEndpoint::POST",
            "ProjectDetectorIndexEndpoint::GET",
            "ProjectDetectorIndexEndpoint::POST",
            "ProjectEventDetailsEndpoint::GET",
            "ProjectGroupIndexEndpoint::DELETE",
            "ProjectGroupIndexEndpoint::GET",
            "ProjectGroupIndexEndpoint::PUT",
            "ProjectIssuesResolvedInReleaseEndpoint::GET",
            "ProjectRuleEnableEndpoint::PUT",
            "ProjectRuleGroupHistoryIndexEndpoint::GET",
            "ProjectRuleStatsIndexEndpoint::GET",
            "RelatedIssuesEndpoint::GET"
        ],
        "unknown": [
            "GroupStatsEndpoint::GET",
            "GroupTagsEndpoint::GET"
        ]
    },
    "ecosystem": {
        "block_start": 355,
        "public": [
            "GroupExternalIssuesEndpoint::GET",
            "NotificationActionsDetailsEndpoint::DELETE",
            "NotificationActionsDetailsEndpoint::GET",
            "NotificationActionsDetailsEndpoint::PUT",
            "NotificationActionsIndexEndpoint::GET",
            "NotificationActionsIndexEndpoint::POST",
            "OrganizationSentryAppsEndpoint::GET"
        ],
        "private": [
            "BitbucketServerWebhookEndpoint::POST",
            "GitHubEnterpriseWebhookEndpoint::POST",
            "GitHubIntegrationsWebhookEndpoint::POST",
            "GithubSharedSearchEndpoint::GET",
            "GitlabIssueSearchEndpoint::GET",
            "GroupExternalIssueDetailsEndpoint::DELETE",
            "GroupIntegrationsEndpoint::GET",
            "OrganizationApiKeyDetailsEndpoint::DELETE",
            "OrganizationApiKeyDetailsEndpoint::GET",
            "OrganizationApiKeyDetailsEndpoint::PUT",
            "OrganizationApiKeyIndexEndpoint::GET",
            "OrganizationApiKeyIndexEndpoint::POST",
            "SlackActionEndpoint::POST",
            "SlackCommandsEndpoint::POST",
            "SlackEventEndpoint::POST",
            "SlackOptionsLoadEndpoint::POST",
            "VstsSearchEndpoint::GET"
        ],
        "experimental": [
            "NotificationActionsAvailableEndpoint::GET",
            "OrganizationMissingMembersEndpoint::GET",
            "OrganizationTestFireActionsEndpoint::POST",
            "SentryAppWebhookRequestsEndpoint::GET"
        ],
        "unknown": [
            "GroupIntegrationDetailsEndpoint::DELETE",
            "GroupIntegrationDetailsEndpoint::GET",
            "GroupIntegrationDetailsEndpoint::POST",
            "GroupIntegrationDetailsEndpoint::PUT"
        ]
    },
    "machine-learning-ai": {
        "block_start": 398,
        "public": [],
        "private": [],
        "experimental": [
            "GroupAiSummaryEndpoint::POST",
            "GroupAutofixEndpoint::GET",
            "GroupAutofixEndpoint::POST",
            "GroupAutofixSetupCheck::GET",
            "GroupAutofixUpdateEndpoint::POST",
            "OrganizationTraceSummaryEndpoint::POST",
            "ProjectSeerPreferencesEndpoint::GET",
            "ProjectSeerPreferencesEndpoint::POST",
            "SeerRpcServiceEndpoint::POST"
        ],
        "unknown": []
    },
    "telemetry-experience": {
        "block_start": 415,
        "public": [
            "OrganizationSessionsEndpoint::GET"
        ],
        "private": [
            "ArtifactBundlesEndpoint::DELETE",
            "ArtifactBundlesEndpoint::GET",
            "DataScrubbingSelectorSuggestionsEndpoint::GET",
            "EmailCaptureEndpoint::POST",
            "OrganizationOnDemandMetricsEstimationStatsEndpoint::GET",
            "OrganizationOnDemandRuleStatsEndpoint::GET",
            "OrganizationOnboardingContinuationEmail::POST",
            "OrganizationOnboardingTaskEndpoint::GET",
            "OrganizationOnboardingTaskEndpoint::POST",
            "OrganizationReleaseHealthDataEndpoint::GET",
            "OrganizationSamplingProjectRatesEndpoint::GET",
            "OrganizationSamplingProjectRatesEndpoint::PUT",
            "OrganizationSamplingProjectSpanCountsEndpoint::GET",
            "OrganizationSdkUpdatesEndpoint::GET",
            "OrganizationSdksEndpoint::GET",
            "ProjectCreateSampleEndpoint::POST",
            "ProjectKeyStatsEndpoint::GET"
        ],
        "experimental": [
            "CustomRulesEndpoint::GET",
            "CustomRulesEndpoint::POST",
            "ProjectOverviewEndpoint::GET"
        ],
        "unknown": []
    },
    "performance": {
        "block_start": 446,
        "public": [
            "DiscoverSavedQueriesEndpoint::GET",
            "DiscoverSavedQueriesEndpoint::POST",
            "DiscoverSavedQueryDetailEndpoint::DELETE",
            "DiscoverSavedQueryDetailEndpoint::GET",
            "DiscoverSavedQueryDetailEndpoint::PUT",
            "OrganizationDashboardDetailsEndpoint::DELETE",
            "OrganizationDashboardDetailsEndpoint::GET",
            "OrganizationDashboardDetailsEndpoint::PUT",
            "OrganizationDashboardsEndpoint::GET",
            "OrganizationDashboardsEndpoint::POST",
            "OrganizationEventsEndpoint::GET"
        ],
        "private": [
            "DataExportDetailsEndpoint::GET",
            "DiscoverHomepageQueryEndpoint::DELETE",
            "DiscoverHomepageQueryEndpoint::GET",
            "DiscoverHomepageQueryEndpoint::PUT",
            "DiscoverSavedQueryVisitEndpoint::POST",
            "ExploreSavedQueriesEndpoint::GET",
            "ExploreSavedQueriesEndpoint::POST",
            "ExploreSavedQueryDetailEndpoint::DELETE",
            "ExploreSavedQueryDetailEndpoint::GET",
            "ExploreSavedQueryDetailEndpoint::PUT",
            "ExploreSavedQueryVisitEndpoint::POST",
            "KeyTransactionEndpoint::DELETE",
            "KeyTransactionEndpoint::GET",
            "KeyTransactionEndpoint::POST",
            "KeyTransactionListEndpoint::GET",
            "OrganizationDashboardFavoriteEndpoint::PUT",
            "OrganizationDashboardVisitEndpoint::POST",
            "OrganizationDashboardWidgetDetailsEndpoint::POST",
            "OrganizationEventDetailsEndpoint::GET",
            "OrganizationEventsFacetsEndpoint::GET",
            "OrganizationEventsFacetsPerformanceEndpoint::GET",
            "OrganizationEventsFacetsPerformanceHistogramEndpoint::GET",
            "OrganizationEventsHasMeasurementsEndpoint::GET",
            "OrganizationEventsHistogramEndpoint::GET",
            "OrganizationEventsMetaEndpoint::GET",
            "OrganizationEventsNewTrendsStatsEndpoint::GET",
            "OrganizationEventsRelatedIssuesEndpoint::GET",
            "OrganizationEventsRootCauseAnalysisEndpoint::GET",
            "OrganizationEventsSpanOpsEndpoint::GET",
            "OrganizationEventsSpansExamplesEndpoint::GET",
            "OrganizationEventsSpansHistogramEndpoint::GET",
            "OrganizationEventsSpansPerformanceEndpoint::GET",
            "OrganizationEventsSpansStatsEndpoint::GET",
            "OrganizationEventsTraceEndpoint::GET",
            "OrganizationEventsTraceLightEndpoint::GET",
            "OrganizationEventsTraceMetaEndpoint::GET",
            "OrganizationEventsTrendsEndpoint::GET",
            "OrganizationEventsTrendsStatsEndpoint::GET",
            "OrganizationEventsVitalsEndpoint::GET",
            "OrganizationMetricsCompatibility::GET",
            "OrganizationMetricsCompatibilitySums::GET",
            "OrganizationSpansFieldValuesEndpoint::GET",
            "OrganizationSpansFieldsEndpoint::GET",
            "OrganizationSpansSamplesEndpoint::GET",
            "OrganizationTagKeyValuesEndpoint::GET",
            "OrganizationTagsEndpoint::GET",
            "OrganizationTraceEndpoint::GET",
            "OrganizationTraceItemAttributeValuesEndpoint::GET",
            "OrganizationTraceItemAttributesEndpoint::GET",
            "ProjectCreateSampleTransactionEndpoint::POST",
            "ProjectPerformanceGeneralSettingsEndpoint::GET",
            "ProjectPerformanceGeneralSettingsEndpoint::POST",
            "ProjectPerformanceIssueSettingsEndpoint::DELETE",
            "ProjectPerformanceIssueSettingsEndpoint::GET",
            "ProjectPerformanceIssueSettingsEndpoint::PUT",
            "ProjectTransactionThresholdEndpoint::DELETE",
            "ProjectTransactionThresholdEndpoint::GET",
            "ProjectTransactionThresholdEndpoint::POST",
            "ProjectTransactionThresholdOverrideEndpoint::DELETE",
            "ProjectTransactionThresholdOverrideEndpoint::GET",
            "ProjectTransactionThresholdOverrideEndpoint::POST"
        ],
        "experimental": [
            "ExploreSavedQueryStarredEndpoint::POST",
            "ExploreSavedQueryStarredOrderEndpoint::PUT",
            "InsightsStarredSegmentsEndpoint::DELETE",
            "InsightsStarredSegmentsEndpoint::POST",
            "OrganizationEventsStatsEndpoint::GET",
            "OrganizationEventsTimeseriesEndpoint::GET",
            "OrganizationInsightsTreeEndpoint::GET",
            "OrganizationMeasurementsMeta::GET",
            "OrganizationSpansAggregationEndpoint::GET",
            "OrganizationSpansFieldsStatsEndpoint::GET",
            "OrganizationTraceSpansEndpoint::GET",
            "OrganizationTracesEndpoint::GET",
            "ProjectTraceItemDetailsEndpoint::GET"
        ],
        "unknown": []
    },
    "enterprise": {
        "block_start": 541,
        "public": [
            "ExternalTeamDetailsEndpoint::DELETE",
            "ExternalTeamDetailsEndpoint::PUT",
            "ExternalTeamEndpoint::POST",
            "ExternalUserDetailsEndpoint::DELETE",
            "ExternalUserDetailsEndpoint::PUT",
            "ExternalUserEndpoint::POST",
            "OrganizationIntegrationsEndpoint::GET",
            "OrganizationMemberDetailsEndpoint::DELETE",
            "OrganizationMemberDetailsEndpoint::GET",
            "OrganizationMemberDetailsEndpoint::PUT",
            "OrganizationMemberIndexEndpoint::GET",
            "OrganizationMemberIndexEndpoint::POST",
            "OrganizationMemberTeamDetailsEndpoint::DELETE",
            "OrganizationMemberTeamDetailsEndpoint::POST",
            "OrganizationMemberTeamDetailsEndpoint::PUT",
            "OrganizationSCIMMemberDetails::DELETE",
            "OrganizationSCIMMemberDetails::GET",
            "OrganizationSCIMMemberDetails::PATCH",
            "OrganizationSCIMMemberIndex::GET",
            "OrganizationSCIMMemberIndex::POST",
            "OrganizationSCIMTeamDetails::DELETE",
            "OrganizationSCIMTeamDetails::GET",
            "OrganizationSCIMTeamDetails::PATCH",
            "OrganizationSCIMTeamIndex::GET",
            "OrganizationSCIMTeamIndex::POST",
            "OrganizationStatsEndpointV2::GET",
            "OrganizationStatsSummaryEndpoint::GET",
            "OrganizationUserTeamsEndpoint::GET",
            "ProjectMemberIndexEndpoint::GET",
            "ProjectTeamDetailsEndpoint::DELETE",
            "ProjectTeamDetailsEndpoint::POST",
            "ProjectTeamsEndpoint::GET",
            "ReleaseThresholdStatusIndexEndpoint::GET",
            "TeamMembersEndpoint::GET",
            "TeamProjectsEndpoint::GET",
            "TeamProjectsEndpoint::POST"
        ],
        "private": [
            "ApiApplicationRotateSecretEndpoint::POST",
            "ApiAuthorizationsEndpoint::DELETE",
            "ApiAuthorizationsEndpoint::GET",
            "AuthConfigEndpoint::GET",
            "AuthIndexEndpoint::DELETE",
            "AuthIndexEndpoint::GET",
            "AuthIndexEndpoint::POST",
            "AuthIndexEndpoint::PUT",
            "AuthLoginEndpoint::POST",
            "AuthenticatorIndexEndpoint::GET",
            "GitHubIntegrationsInstallationEndpoint::GET",
            "OAuthUserInfoEndpoint::GET",
            "OrganizationAccessRequestDetailsEndpoint::GET",
            "OrganizationAccessRequestDetailsEndpoint::PUT",
            "OrganizationAuthProviderDetailsEndpoint::GET",
            "OrganizationAuthProvidersEndpoint::GET",
            "OrganizationAuthTokenDetailsEndpoint::DELETE",
            "OrganizationAuthTokenDetailsEndpoint::GET",
            "OrganizationAuthTokenDetailsEndpoint::PUT",
            "OrganizationAuthTokensEndpoint::GET",
            "OrganizationAuthTokensEndpoint::POST",
            "OrganizationIntegrationMigrateOpsgenieEndpoint::PUT",
            "OrganizationMemberTeamDetailsEndpoint::GET",
            "OrganizationSCIMSchemaIndex::GET",
            "OrganizationStatsEndpoint::GET",
            "SentryAppRotateSecretEndpoint::POST",
            "TeamStatsEndpoint::GET",
            "UserAuthenticatorDetailsEndpoint::DELETE",
            "UserAuthenticatorDetailsEndpoint::GET",
            "UserAuthenticatorDetailsEndpoint::PUT",
            "UserAuthenticatorEnrollEndpoint::GET",
            "UserAuthenticatorEnrollEndpoint::POST",
            "UserAuthenticatorIndexEndpoint::GET",
            "UserPermissionDetailsEndpoint::DELETE",
            "UserPermissionDetailsEndpoint::GET",
            "UserPermissionDetailsEndpoint::POST",
            "UserPermissionsConfigEndpoint::GET",
            "UserPermissionsEndpoint::GET",
            "WaiveDataSecrecyEndpoint::DELETE",
            "WaiveDataSecrecyEndpoint::GET",
            "WaiveDataSecrecyEndpoint::PUT"
        ],
        "experimental": [
            "OrganizationAuditLogsEndpoint::GET",
            "OrganizationMemberInviteDetailsEndpoint::DELETE",
            "OrganizationMemberInviteDetailsEndpoint::GET",
            "OrganizationMemberInviteDetailsEndpoint::PUT",
            "OrganizationMemberInviteIndexEndpoint::GET",
            "OrganizationMemberInviteIndexEndpoint::POST",
            "OrganizationProjectsExperimentEndpoint::POST",
            "OrganizationSCIMMemberDetails::PUT",
            "OrganizationSCIMTeamDetails::PUT",
            "ReleaseThresholdDetailsEndpoint::DELETE",
            "ReleaseThresholdDetailsEndpoint::GET",
            "ReleaseThresholdDetailsEndpoint::PUT",
            "ReleaseThresholdEndpoint::GET",
            "ReleaseThresholdEndpoint::POST",
            "ReleaseThresholdIndexEndpoint::GET"
        ],
        "unknown": []
    },
    "product-owners-settings-integrations": {
        "block_start": 643,
        "public": [
            "OrganizationConfigIntegrationsEndpoint::GET",
            "OrganizationIntegrationDetailsEndpoint::DELETE",
            "OrganizationIntegrationDetailsEndpoint::GET",
            "SentryAppDetailsEndpoint::DELETE",
            "SentryAppDetailsEndpoint::GET",
            "SentryAppDetailsEndpoint::PUT"
        ],
        "private": [
            "BitbucketDescriptorEndpoint::GET",
            "BitbucketInstalledEndpoint::POST",
            "BitbucketSearchEndpoint::GET",
            "BitbucketUninstalledEndpoint::POST",
            "BitbucketWebhookEndpoint::POST",
            "DiscordInteractionsEndpoint::POST",
            "DocIntegrationAvatarEndpoint::GET",
            "DocIntegrationAvatarEndpoint::PUT",
            "DocIntegrationDetailsEndpoint::DELETE",
            "DocIntegrationDetailsEndpoint::GET",
            "DocIntegrationDetailsEndpoint::PUT",
            "DocIntegrationsEndpoint::GET",
            "DocIntegrationsEndpoint::POST",
            "GitlabWebhookEndpoint::POST",
            "IntegrationFeaturesEndpoint::GET",
            "JiraDescriptorEndpoint::GET",
            "JiraIssueUpdatedWebhook::POST",
            "JiraSearchEndpoint::GET",
            "JiraSentryInstalledWebhook::POST",
            "JiraSentryUninstalledWebhook::POST",
            "JiraServerIssueUpdatedWebhook::POST",
            "JiraServerSearchEndpoint::GET",
            "MsTeamsWebhookEndpoint::POST",
            "OrganizationConfigRepositoriesEndpoint::GET",
            "OrganizationIntegrationDetailsEndpoint::POST",
            "OrganizationIntegrationIssuesEndpoint::PUT",
            "OrganizationIntegrationRequestEndpoint::POST",
            "OrganizationPluginsConfigsEndpoint::GET",
            "OrganizationPluginsEndpoint::GET",
            "OrganizationRepositoriesEndpoint::GET",
            "OrganizationRepositoriesEndpoint::POST",
            "OrganizationRepositoryDetailsEndpoint::DELETE",
            "OrganizationRepositoryDetailsEndpoint::PUT",
            "OrganizationSentryAppComponentsEndpoint::GET",
            "ProjectPluginDetailsEndpoint::DELETE",
            "ProjectPluginDetailsEndpoint::GET",
            "ProjectPluginDetailsEndpoint::POST",
            "ProjectPluginDetailsEndpoint::PUT",
            "ProjectPluginsEndpoint::GET",
            "ProjectServiceHookDetailsEndpoint::DELETE",
            "ProjectServiceHookDetailsEndpoint::GET",
            "ProjectServiceHookDetailsEndpoint::PUT",
            "SentryAppAuthorizationsEndpoint::POST",
            "SentryAppAvatarEndpoint::GET",
            "SentryAppAvatarEndpoint::PUT",
            "SentryAppComponentsEndpoint::GET",
            "SentryAppInstallationExternalIssueActionsEndpoint::POST",
            "SentryAppInstallationExternalRequestsEndpoint::GET",
            "SentryAppInstallationServiceHookProjectsEndpoint::DELETE",
            "SentryAppInstallationServiceHookProjectsEndpoint::GET",
            "SentryAppInstallationServiceHookProjectsEndpoint::POST",
            "SentryAppInstallationsEndpoint::POST",
            "SentryAppInteractionEndpoint::GET",
            "SentryAppInteractionEndpoint::POST",
            "SentryAppPublishRequestEndpoint::POST",
            "SentryAppsStatsEndpoint::GET",
            "SentryInternalAppTokenDetailsEndpoint::DELETE",
            "SentryInternalAppTokensEndpoint::GET",
            "SentryInternalAppTokensEndpoint::POST",
            "UserOrganizationIntegrationsEndpoint::GET",
            "VercelWebhookEndpoint::DELETE",
            "VercelWebhookEndpoint::POST",
            "WorkItemWebhook::POST"
        ],
        "experimental": [],
        "unknown": [
            "OrganizationIntegrationServerlessFunctionsEndpoint::GET",
            "OrganizationIntegrationServerlessFunctionsEndpoint::POST",
            "OrganizationRepositoryCommitsEndpoint::GET",
            "ProjectServiceHookStatsEndpoint::GET",
            "ProjectServiceHooksEndpoint::GET",
            "ProjectServiceHooksEndpoint::POST",
            "SentryAppFeaturesEndpoint::GET",
            "SentryAppInstallationDetailsEndpoint::DELETE",
            "SentryAppInstallationDetailsEndpoint::GET",
            "SentryAppInstallationDetailsEndpoint::PUT",
            "SentryAppInstallationExternalIssuesEndpoint::POST",
            "SentryAppInstallationsEndpoint::GET",
            "SentryAppRequestsEndpoint::GET"
        ]
    },
    "profiling": {
        "block_start": 735,
        "public": [],
        "private": [
            "OrganizationProfilingChunksEndpoint::GET",
            "OrganizationProfilingFlamegraphEndpoint::GET",
            "OrganizationProfilingFunctionTrendsEndpoint::GET",
            "OrganizationProfilingHasChunksEndpoint::GET",
            "OrganizationSdkDeprecationsEndpoint::GET",
            "ProjectProfilingEventEndpoint::GET",
            "ProjectProfilingProfileEndpoint::GET",
            "ProjectProfilingRawProfileEndpoint::GET",
            "ProjectStatisticalDetectors::GET"
        ],
        "experimental": [],
        "unknown": []
    },
    "alerts-notifications": {
        "block_start": 752,
        "public": [],
        "private": [
            "NotificationDefaultsEndpoints::GET",
            "OrganizationProjectTemplateDetailEndpoint::DELETE",
            "OrganizationProjectTemplateDetailEndpoint::GET",
            "OrganizationProjectTemplateDetailEndpoint::PUT",
            "OrganizationProjectTemplatesIndexEndpoint::GET",
            "OrganizationProjectTemplatesIndexEndpoint::POST",
            "UserNotificationDetailsEndpoint::GET",
            "UserNotificationDetailsEndpoint::PUT",
            "UserNotificationEmailEndpoint::GET",
            "UserNotificationEmailEndpoint::PUT",
            "UserNotificationSettingsOptionsDetailEndpoint::DELETE",
            "UserNotificationSettingsOptionsEndpoint::GET",
            "UserNotificationSettingsOptionsEndpoint::PUT",
            "UserNotificationSettingsProvidersEndpoint::GET",
            "UserNotificationSettingsProvidersEndpoint::PUT"
        ],
        "experimental": [
            "OrganizationEventsAnomaliesEndpoint::POST",
            "OrganizationWorkflowDetailsEndpoint::DELETE",
            "OrganizationWorkflowDetailsEndpoint::GET",
            "OrganizationWorkflowDetailsEndpoint::PUT",
            "ProjectDetectorDetailsEndpoint::DELETE",
            "ProjectDetectorDetailsEndpoint::GET",
            "ProjectDetectorDetailsEndpoint::PUT"
        ],
        "unknown": []
    },
    "replay-backend": {
        "block_start": 783,
        "public": [
            "OrganizationReplayCountEndpoint::GET",
            "OrganizationReplayDetailsEndpoint::GET",
            "OrganizationReplayIndexEndpoint::GET",
            "OrganizationReplaySelectorIndexEndpoint::GET",
            "ProjectReplayClicksIndexEndpoint::GET",
            "ProjectReplayDetailsEndpoint::DELETE",
            "ProjectReplayRecordingSegmentDetailsEndpoint::GET",
            "ProjectReplayRecordingSegmentIndexEndpoint::GET",
            "ProjectReplayViewedByEndpoint::GET"
        ],
        "private": [
            "OrganizationFlagLogDetailsEndpoint::GET",
            "OrganizationFlagLogIndexEndpoint::GET",
            "OrganizationFlagsHooksEndpoint::POST",
            "OrganizationFlagsWebHookSigningSecretEndpoint::DELETE",
            "OrganizationFlagsWebHookSigningSecretsEndpoint::GET",
            "OrganizationFlagsWebHookSigningSecretsEndpoint::POST",
            "OrganizationIssueMetricsEndpoint::GET",
            "OrganizationReplayEventsMetaEndpoint::GET",
            "ProjectReplayDetailsEndpoint::GET",
            "ProjectReplayViewedByEndpoint::POST"
        ],
        "experimental": [
            "ProjectReplayVideoDetailsEndpoint::GET"
        ],
        "unknown": []
    },
    "crons": {
        "block_start": 813,
        "public": [
            "OrganizationMonitorCheckInIndexEndpoint::GET",
            "OrganizationMonitorDetailsEndpoint::DELETE",
            "OrganizationMonitorDetailsEndpoint::GET",
            "OrganizationMonitorDetailsEndpoint::PUT",
            "OrganizationMonitorIndexEndpoint::GET",
            "OrganizationMonitorIndexEndpoint::POST",
            "ProjectMonitorCheckInIndexEndpoint::GET",
            "ProjectMonitorDetailsEndpoint::DELETE",
            "ProjectMonitorDetailsEndpoint::GET",
            "ProjectMonitorDetailsEndpoint::PUT"
        ],
        "private": [
            "OrganizationMonitorIndexStatsEndpoint::GET",
            "OrganizationMonitorProcessingErrorsIndexEndpoint::GET",
            "OrganizationMonitorScheduleSampleDataEndpoint::GET",
            "OrganizationMonitorStatsEndpoint::GET",
            "ProjectMonitorProcessingErrorsIndexEndpoint::DELETE",
            "ProjectMonitorProcessingErrorsIndexEndpoint::GET",
            "ProjectMonitorStatsEndpoint::GET",
            "ProjectProcessingErrorsDetailsEndpoint::DELETE",
            "ProjectProcessingErrorsIndexEndpoint::DELETE",
            "UptimeIpsEndpoint::GET"
        ],
        "experimental": [
            "OrganizationMonitorEnvironmentDetailsEndpoint::DELETE",
            "OrganizationMonitorEnvironmentDetailsEndpoint::PUT",
            "OrganizationMonitorIndexEndpoint::PUT",
            "OrganizationUptimeAlertIndexEndpoint::GET",
            "OrganizationUptimeStatsEndpoint::GET",
            "ProjectMonitorEnvironmentDetailsEndpoint::DELETE",
            "ProjectMonitorEnvironmentDetailsEndpoint::PUT",
            "ProjectUptimeAlertCheckIndexEndpoint::GET",
            "ProjectUptimeAlertDetailsEndpoint::DELETE",
            "ProjectUptimeAlertDetailsEndpoint::GET",
            "ProjectUptimeAlertDetailsEndpoint::PUT",
            "ProjectUptimeAlertIndexEndpoint::POST"
        ],
        "unknown": []
    },
    "feedback-backend": {
        "block_start": 855,
        "public": [],
        "private": [
            "OrganizationUserReportsEndpoint::GET",
            "ProjectUserReportsEndpoint::GET",
            "ProjectUserReportsEndpoint::POST"
        ],
        "experimental": [],
        "unknown": []
    },
    "hybrid-cloud": {
        "block_start": 866,
        "public": [],
        "private": [
            "InternalBeaconEndpoint::POST",
            "InternalEAFeaturesEndpoint::GET",
            "InternalEnvironmentEndpoint::GET",
            "InternalFeatureFlagsEndpoint::GET",
            "InternalFeatureFlagsEndpoint::PUT",
            "InternalMailEndpoint::GET",
            "InternalMailEndpoint::POST",
            "InternalPackagesEndpoint::GET",
            "InternalQueueTasksEndpoint::GET",
            "InternalQuotasEndpoint::GET",
            "InternalRpcServiceEndpoint::POST",
            "InternalStatsEndpoint::GET",
            "InternalWarningsEndpoint::GET",
            "OrganizationRegionEndpoint::GET",
            "OrganizationUnsubscribeIssue::GET",
            "OrganizationUnsubscribeIssue::POST",
            "OrganizationUnsubscribeProject::GET",
            "OrganizationUnsubscribeProject::POST",
            "SystemHealthEndpoint::GET",
            "SystemOptionsEndpoint::GET",
            "SystemOptionsEndpoint::PUT",
            "UserRegionsEndpoint::GET"
        ],
        "experimental": [
            "OrganizationForkEndpoint::POST",
            "RelocationAbortEndpoint::PUT",
            "RelocationArtifactDetailsEndpoint::GET",
            "RelocationArtifactIndexEndpoint::GET",
            "RelocationCancelEndpoint::PUT",
            "RelocationDetailsEndpoint::GET",
            "RelocationIndexEndpoint::GET",
            "RelocationIndexEndpoint::POST",
            "RelocationPauseEndpoint::PUT",
            "RelocationPublicKeyEndpoint::GET",
            "RelocationRecoverEndpoint::PUT",
            "RelocationRetryEndpoint::POST",
            "RelocationUnpauseEndpoint::PUT"
        ],
        "unknown": []
    },
    "team-web-sdk-frontend": {
        "block_start": 910,
        "public": [],
        "private": [
            "SourceMapDebugBlueThunderEditionEndpoint::GET"
        ],
        "experimental": [
            "SetupWizard::DELETE",
            "SetupWizard::GET"
        ],
        "unknown": []
    },
    "gdx": {
        "block_start": 922,
        "public": [],
        "private": [
            "TempestCredentialsDetailsEndpoint::DELETE",
            "TempestCredentialsEndpoint::GET",
            "TempestCredentialsEndpoint::POST"
        ],
        "experimental": [],
        "unknown": []
    },
    "security": {
        "block_start": 933,
        "public": [],
        "private": [
            "ApiTokenDetailsEndpoint::DELETE",
            "ApiTokenDetailsEndpoint::GET",
            "ApiTokenDetailsEndpoint::PUT",
            "ApiTokensEndpoint::DELETE",
            "ApiTokensEndpoint::GET",
            "ApiTokensEndpoint::POST",
            "UserPasswordEndpoint::PUT"
        ],
        "experimental": [
            "AuthValidateEndpoint::GET"
        ],
        "unknown": []
    },
    "revenue": {
        "block_start": 950,
        "public": [],
        "private": [
            "CheckAM2CompatibilityEndpoint::GET"
        ],
        "experimental": [],
        "unknown": []
    }
}
